id,original,selected,variant_A,variant_B,preferred_A_B_tie,reason
test-corpus-474-error,"Every time the truck stopped, it would make a loud whistle. When the truck stopped in front of her house, two friendly people got out. They were bringing a for surprise big the girl. The girl was so excited!",for surprise big,"Every time the truck stopped, it would make a loud whistle. When the truck stopped in front of her house, two friendly people got out. They were bringing a special surprise to the girl. The girl was so excited!","Every time the truck stopped, it would make a loud whistle. When the truck stopped in front of her house, two friendly people got out. They were bringing a special surprise to the girl. The girl was so excited!",,
test-corpus-324-clean,"They turned around the corner and saw a big hill. They started walking up the hill and soon they came to a big door. Sally was scared and asked Steve, ""What is this place?"" Steve told her, ""Don't worry, let's just take a peek inside.""
The door opened and they heard a sweet noise. It was a singing bird.",take,"They turned around the corner and saw a big hill. They started walking up the hill and soon they came to a big door. Sally was scared and asked Steve, ""What is this place?"" Steve told her, ""Don't worry, let's just hear a peek inside.""
The door opened and they heard a sweet noise. It was a singing bird.","They turned around the corner and saw a big hill. They started walking up the hill and soon they came to a big door. Sally was scared and asked Steve, ""What is this place?"" Steve told her, ""Don't worry, let's just hear a peek inside.""
The door opened and they heard a sweet noise. It was a singing bird.",,
test-corpus-914-error,"Everyone wanted to see it. So, the family lit a fire in the backyard to watch the sunset. were flames The bright and warm. The sun was orange and red.",were flames The,"Everyone wanted to see it. So, the family lit a fire in the backyard to watch the sunset. The sun was so bright and warm. The sun was orange and red.","Everyone wanted to see it. So, the family lit a fire in the backyard to watch the sunset. The sun was so bright and warm. The sun was orange and red.",,
test-corpus-282-clean,"It was arguing with itself. When the volcano asked who was talking, the voice replied that it was only a small bird. The bird had been flying around all night looking for a place to rest. But the volcano made too much noise so the bird kept on flying.",so,"It was arguing with itself. When the volcano asked who was talking, the voice replied that it was only a small bird. The bird had been flying around all night looking for a place to rest. But the volcano made too much noise and the bird kept on flying.","It was arguing with itself. When the volcano asked who was talking, the voice replied that it was only a small bird. The bird had been flying around all night looking for a place to rest. But the volcano made too much noise and the bird kept on flying.",,
test-corpus-728-error,"The puppy was so happy everything was ok. Sarah promised to take better care of her pet and to it take to the veterinarian more often. The little girl and her puppy thanked the veterinarian for being so kind and for helping her puppy, and then they both left the clinic very happy.",it take,"The puppy was so happy everything was ok. Sarah promised to take better care of her pet and to give her to the veterinarian more often. The little girl and her puppy thanked the veterinarian for being so kind and for helping her puppy, and then they both left the clinic very happy.","The puppy was so happy everything was ok. Sarah promised to take better care of her pet and to take care to the veterinarian more often. The little girl and her puppy thanked the veterinarian for being so kind and for helping her puppy, and then they both left the clinic very happy.",,
test-00086-procedural-clean,"One day, Lily lost a favorite toy. At that moment, Lily seemed sad. Tears ran down the little face.",sad,"One day, Lily lost a favorite toy. At that moment, Lily seemed very sad. Tears ran down the little face.","One day, Lily lost a favorite toy. At that moment, Lily seemed very sad. Tears ran down the little face.",,
test-00112-procedural-clean,A girl named Tom came by. She found a little ball. The sun was shining.,She,A girl named Tom came by. She had found a little ball. The sun was shining.,A girl named Tom came by. She had found a little ball. The sun was shining.,,
test-00223-procedural-clean,The toy lay near the bed. That toy remained near the bed. Nobody had moved it. A little bird sang nearby.,near,The toy lay near the bed. That toy remained on the bed. Nobody had moved it. A little bird sang nearby.,The toy lay near the bed. That toy remained on the bed. Nobody had moved it. A little bird sang nearby.,,
test-corpus-25-clean,"At first, it was difficult for Timmy to play his new flute. But he practiced every day and soon he was playing just as well as before. Timmy was so happy with his new flute and he played it every day for the rest of his life. The end.",practiced,"At first, it was difficult for Timmy to play his new flute. But he kept it every day and soon he was playing just as well as before. Timmy was so happy with his new flute and he played it every day for the rest of his life. The end.","At first, it was difficult for Timmy to play his new flute. But he kept it every day and soon he was playing just as well as before. Timmy was so happy with his new flute and he played it every day for the rest of his life. The end.",,
test-corpus-296-error,"All of his friends were amazed at how thin the fat horse had become. But then, the magical bottle started to spray again, and the fat horse became fat more once! The other horses laughed and teased the fat horse, but he was determined to keep his thin figure. So every day he picked up that magical bottle and sprayed himself with the magical water,until he was thin again.",more once,"All of his friends were amazed at how thin the fat horse had become. But then, the magical bottle started to spray again, and the fat horse became fat again! The other horses laughed and teased the fat horse, but he was determined to keep his thin figure. So every day he picked up that magical bottle and sprayed himself with the magical water,until he was thin again.","All of his friends were amazed at how thin the fat horse had become. But then, the magical bottle started to spray again, and the fat horse became fat again! The other horses laughed and teased the fat horse, but he was determined to keep his thin figure. So every day he picked up that magical bottle and sprayed himself with the magical water,until he was thin again.",,
test-corpus-443-error,"I will help you bloom like all the other flowers. I'll bring you beautiful colors!""
The fairy sprinkled magical fairy fairy dust over the flower and it started to bloom. The petals changed colors and she become a lovely pink, purple and blue flower. She was so happy she wanted to dance and sing.",fairy fairy,"I will help you bloom like all the other flowers. I'll bring you beautiful colors!""
The fairy sprinkled magical petals of dust over the flower and it started to bloom. The petals changed colors and she become a lovely pink, purple and blue flower. She was so happy she wanted to dance and sing.","I will help you bloom like all the other flowers. I'll bring you beautiful colors!""
The fairy sprinkled magical petals of dust over the flower and it started to bloom. The petals changed colors and she become a lovely pink, purple and blue flower. She was so happy she wanted to dance and sing.",,
test-00264-procedural-error,"Jack chose the white box. Later, Jack carried the yellow box. Its color had not changed.",yellow,"Jack chose the white box. Later, Jack carried the white box. Its color had not changed.","Jack chose the white box. Later, Jack carried the white box. Its color had not changed.",,
test-corpus-456-clean,"The stream eventually reached a big lake, and when it got there, it made a big splash as it became part of the lake. Everyone who was there was happy to see that the stream was finally at its new home. They all smiled as the stream became part of the lake, and the strong stream now had a place to stay.",the,"The stream eventually reached a big lake, and when it got there, it made a big splash as it became part of the lake. Everyone who was there was happy to see that the stream was finally at its new home. They all smiled as the stream became part of the big lake, and the strong stream now had a place to stay.","The stream eventually reached a big lake, and when it got there, it made a big splash as it became part of the lake. Everyone who was there was happy to see that the stream was finally at its new home. They all smiled as the stream became part of the big lake, and the strong stream now had a place to stay.",,
test-corpus-112-error,"She liked to stir the soup, cut the bread, and taste the cheese. But she did not like onions. Onions made her cry and smell bad. She always tried to hide them under plate her or give them to the dog.",plate her,"She liked to stir the soup, cut the bread, and taste the cheese. But she did not like onions. Onions made her cry and smell bad. She always tried to hide them under the table or give them to the dog.","She liked to stir the soup, cut the bread, and taste the cheese. But she did not like onions. Onions made her cry and smell bad. She always tried to hide them under the table or give them to the dog.",,
test-corpus-442-clean,"He decided to take another nap, but this time he made sure to lock up the corn nice and tight. He lay down under the big oak tree and before he knew it, he was fast asleep. After a long nap, Farmer Tucker felt refreshed and ready to go back to work. He was surprised to find that the family of raccoons hadn't done too much damage after all.",he made sure,"He decided to take another nap, but this time he had to lock up the corn nice and tight. He lay down under the big oak tree and before he knew it, he was fast asleep. After a long nap, Farmer Tucker felt refreshed and ready to go back to work. He was surprised to find that the family of raccoons hadn't done too much damage after all.","He decided to take another nap, but this time he was able to lock up the corn nice and tight. He lay down under the big oak tree and before he knew it, he was fast asleep. After a long nap, Farmer Tucker felt refreshed and ready to go back to work. He was surprised to find that the family of raccoons hadn't done too much damage after all.",,
test-corpus-374-error,"When they finished, Kiki thanked him and ran back to to her mom. Kiki learned that it's sometimes okay to ask for help--even if it can feel a bit stupid at first.",to to,"When they finished, Kiki thanked him and ran back to her mom. Kiki learned that it's sometimes okay to ask for help--even if it can feel a bit stupid at first.","When they finished, Kiki thanked him and ran back home to tell her mom. Kiki learned that it's sometimes okay to ask for help--even if it can feel a bit stupid at first.",,
test-00212-procedural-error,"One day, Lucy had not eaten all day. At that moment, Lucy seemed full. The empty stomach growled. The sun was shining.",full,"One day, Lucy had not eaten all day. At that moment, Lucy seemed very lonely. The empty stomach growled. The sun was shining.","One day, Lucy had not eaten all day. At that moment, Lucy seemed sad. The empty stomach growled. The sun was shining.",,
test-corpus-416-clean,"He said, ""Sue, I want to sing like the birds in the big trees. Can you help me?"" Sue thought for a moment and said, ""Yes, Tim. Let's go to the big tree and listen to them sing. Then you can try to sing like them.""
Tim and Sue went to the big tree and listened to the birds sing.","Yes, Tim","He said, ""Sue, I want to sing like the birds in the big trees. Can you help me?"" Sue thought for a moment and said, ""Of course, Tim. Let's go to the big tree and listen to them sing. Then you can try to sing like them.""
Tim and Sue went to the big tree and listened to the birds sing.","He said, ""Sue, I want to sing like the birds in the big trees. Can you help me?"" Sue thought for a moment and said, ""Of course, Tim. Let's go to the big tree and listen to them sing. Then you can try to sing like them.""
Tim and Sue went to the big tree and listened to the birds sing.",,
test-00268-procedural-clean,Ella and two friends came by. They found a little ball.,They,Ella and two friends came by. They had found a little ball.,Ella and two friends came by. They had found a little ball.,,
test-00233-procedural-error,All three children was very tired. A little bird sang nearby.,was,All three children were very tired. A little bird sang nearby.,All three children were very tired. A little bird sang nearby.,,
test-corpus-514-error,The water was shiny and one day a bell began to ring. Everyone so was excited because it meant that it was time to have fun. The children ran to the pool and dashed in. They laughed and splashed around in the big pool.,so was,The water was shiny and one day a bell began to ring. Everyone was so excited because it meant that it was time to have fun. The children ran to the pool and dashed in. They laughed and splashed around in the big pool.,The water was shiny and one day a bell began to ring. Everyone was so excited because it meant that it was time to have fun. The children ran to the pool and dashed in. They laughed and splashed around in the big pool.,,
test-corpus-183-clean,"It fit perfectly and made her knee feel better. Lily smiled and hugged her mommy back. They went inside and had some warm milk and cookies. From that day on, Lily was more careful when she ran and played.",inside and had,"It fit perfectly and made her knee feel better. Lily smiled and hugged her mommy back. They went inside to have some warm milk and cookies. From that day on, Lily was more careful when she ran and played.","It fit perfectly and made her knee feel better. Lily smiled and hugged her mommy back. They went inside to have some warm milk and cookies. From that day on, Lily was more careful when she ran and played.",,
test-00010-procedural-clean,A boy named Ben came by. He found a little ball. A little bird sang nearby.,He,A boy named Ben came by. He had found a little ball. A little bird sang nearby.,A boy named Ben came by. He had found a little ball. A little bird sang nearby.,,
test-corpus-971-clean,"Once upon a time, there was a girl. She loved her bracelet. It was made of thin threads and tiny rocks. It was very pretty, and the girl wore it all the time.",there was,"Once upon a time, there was a a girl. She loved her bracelet. It was made of thin threads and tiny rocks. It was very pretty, and the girl wore it all the time.","Once upon a time, there was a a girl. She loved her bracelet. It was made of thin threads and tiny rocks. It was very pretty, and the girl wore it all the time.",,
test-00058-procedural-error,A girl named Jack came by. He found a little ball. The sun was shining.,He,A girl named Jack came by. She had found a little ball. The sun was shining.,A girl named Jack came by. She found a little ball. The sun was shining.,,
test-00299-procedural-error,Finn found a umbrella for a friend. A little bird sang nearby.,a,Finn found a pretty umbrella for a friend. A little bird sang nearby.,Finn found a pretty umbrella for a friend. A little bird sang nearby.,,
test-00282-procedural-error,"The hat was painted black. Later, Tom carried the pink hat. Its color had not changed. It was early in the morning.",pink,"The hat was painted black. Later, Tom carried the red hat. Its color had not changed. It was early in the morning.","The hat was painted black. Later, Tom carried the red hat. Its color had not changed. It was early in the morning.",,
test-corpus-983-clean,Daddy suggested they should go out for a walk. Mommy said she was tired and suggested they just stay home and relax. Daddy said he was feeling restless. He suggested they turn up the music so that the house would no longer feel so quiet.,feeling,Daddy suggested they should go out for a walk. Mommy said she was tired and suggested they just stay home and relax. Daddy said he was a bit restless. He suggested they turn up the music so that the house would no longer feel so quiet.,Daddy suggested they should go out for a walk. Mommy said she was tired and suggested they just stay home and relax. Daddy said he was a bit restless. He suggested they turn up the music so that the house would no longer feel so quiet.,,
test-00257-procedural-clean,"Each day, Nora goes in the park.",goes,"Each day, Nora lived in the park.","Each day, Nora lived in the park.",,
test-00229-procedural-error,The ball lay near the tree. That ball remained under the tree. Nobody had moved it. It was a quiet day.,under,The ball lay near the tree. That ball remained in the tree. Nobody had moved it. It was a quiet day.,The ball lay near the tree. That ball remained in the tree. Nobody had moved it. It was a quiet day.,,
test-00034-procedural-error,"Ben, a girl, went out. He found a little ball. A little bird sang nearby.",He,"Ben, a girl, went out. She found a little ball. A little bird sang nearby.","Ben, a girl, went out. She found a little ball. A little bird sang nearby.",,
test-corpus-35-clean,"One day, he put on his favorite shoes and went outside to play. Suddenly, he saw a butterfly and started to chase it. As he was running, he felt his shoe spring loose and fall off. He stopped and looked at his shoe.",loose,"One day, he put on his favorite shoes and went outside to play. Suddenly, he saw a butterfly and started to chase it. As he was running, he felt his shoe spring up and fall off. He stopped and looked at his shoe.","One day, he put on his favorite shoes and went outside to play. Suddenly, he saw a butterfly and started to chase it. As he was running, he felt his shoe spring down and fall off. He stopped and looked at his shoe.",,
test-00181-procedural-error,Ana placed a toy behind the desk. That toy remained near the desk. Nobody had moved it.,near,Ana placed a toy behind the desk. That toy remained in the desk. Nobody had moved it.,Ana placed a toy behind the desk. That toy remained in the desk. Nobody had moved it.,,
test-corpus-531-clean,She did not know what to do one day so she decided to go on an adventure. She went to stay in a fake house. It was made of cardboard and it was much too small for her to fit in. Anna began to explore the fake house until she came to the door.,adventure,She did not know what to do one day so she decided to go on an adventure outside. She went to stay in a fake house. It was made of cardboard and it was much too small for her to fit in. Anna began to explore the fake house until she came to the door.,She did not know what to do one day so she decided to go on an adventure outside. She went to stay in a fake house. It was made of cardboard and it was much too small for her to fit in. Anna began to explore the fake house until she came to the door.,,
test-00183-procedural-clean,"After lunch, Tom filled a box to the top. At that moment, the box seemed full. There was no room for anything else. The sun was shining.",full,"After lunch, Tom filled a box to the top. At that moment, the box seemed to change. There was no room for anything else. The sun was shining.","After lunch, Tom filled a box to the top. At that moment, the box seemed to change. There was no room for anything else. The sun was shining.",,
test-corpus-257-error,It was a big green fish! Sarah wanted to get closer to have a better look look. She could see the fish's bright eyes and colorful scales. She was so excited that she had to get closer.,look look,It was a big green fish! Sarah wanted to get closer to have a better look. She could see the fish's bright eyes and colorful scales. She was so excited that she had to get closer.,It was a big green fish! Sarah wanted to get closer to have a better look. She could see the fish's bright eyes and colorful scales. She was so excited that she had to get closer.,,
test-00252-procedural-clean,"The coat was painted red. Later, Ella carried the red coat. Its color had not changed. It was early in the morning.",red,"The coat was painted red. Later, Ella carried the blue coat. Its color had not changed. It was early in the morning.","The coat was painted red. Later, Ella carried the blue coat. Its color had not changed. It was early in the morning.",,
test-00076-procedural-error,Two children went out together. She found a little ball. A little bird sang nearby.,She,Two children went out together. They found a little ball. A little bird sang nearby.,Two children went out together. They found a little ball. A little bird sang nearby.,,
test-corpus-898-error,"He looked around the the wide field, thankful that he was safe. Then, he quickly ran all the way home to his mom. Jimmy never wanted to go back there again!",the the,"He looked around and saw the wide field, thankful that he was safe. Then, he quickly ran all the way home to his mom. Jimmy never wanted to go back there again!","He looked around at the wide field, thankful that he was safe. Then, he quickly ran all the way home to his mom. Jimmy never wanted to go back there again!",,
test-00286-procedural-clean,A girl named Alex came by. She found a little ball.,She,A girl named Alex came by. She had found a little ball.,A girl named Alex came by. She had found a little ball.,,
test-00218-procedural-error,"One day, Ana won a fun game. At that moment, Ana seemed sad. There was a big smile. It was early in the morning.",sad,"One day, Ana won a fun game. At that moment, Ana seemed very happy. There was a big smile. It was early in the morning.","One day, Ana won a fun game. At that moment, Ana seemed very happy. There was a big smile. It was early in the morning.",,
test-00038-procedural-clean,"One day, Ella played all day without resting. At that moment, Ella seemed tired. It was time to rest. It was a quiet day.",tired,"One day, Ella played all day without resting. At that moment, Ella seemed comfortable. It was time to rest. It was a quiet day.","One day, Ella played all day without resting. At that moment, Ella seemed very happy. It was time to rest. It was a quiet day.",,
test-corpus-447-clean,"Billy was so surprised! But it was fun to watch the rain fall. He pushed his truck through the puddles and laughed. After the rain stopped, the sun was still smiling down.",the rain,"Billy was so surprised! But it was fun to watch the water fall. He pushed his truck through the puddles and laughed. After the rain stopped, the sun was still smiling down.","Billy was so surprised! But it was fun to watch the rain stop fall. He pushed his truck through the puddles and laughed. After the rain stopped, the sun was still smiling down.",,
test-corpus-168-clean,"When he got there, he saw that their neighbor was baking cookies too! The neighbor offered Timmy a cookie, but he said no because he already had some at home. When Timmy got back home, his mom asked him why he didn't take a cookie. Timmy said, ""I didn't want to be greedy.",want,"When he got there, he saw that their neighbor was baking cookies too! The neighbor offered Timmy a cookie, but he said no because he already had some at home. When Timmy got back home, his mom asked him why he didn't take a cookie. Timmy said, ""I didn't mean to be greedy.","When he got there, he saw that their neighbor was baking cookies too! The neighbor offered Timmy a cookie, but he said no because he already had some at home. When Timmy got back home, his mom asked him why he didn't take a cookie. Timmy said, ""I didn't mean to be greedy.",,
test-00091-procedural-error,The shoe lay behind the table. That shoe remained above the table. Nobody had moved it. A little bird sang nearby.,above,The shoe lay behind the table. That shoe remained on the table. Nobody had moved it. A little bird sang nearby.,The shoe lay behind the table. That shoe remained on the table. Nobody had moved it. A little bird sang nearby.,,
test-corpus-670-error,"He showed them to his mom and she said that they were pretty so. But when John went to school, he put the buttons in his pocket and forgot all about them. After school, John was walking home when he saw his friend's toy car. He wanted it so badly but he remembered that he had no money.",pretty so,"He showed them to his mom and she said that they were very good. But when John went to school, he put the buttons in his pocket and forgot all about them. After school, John was walking home when he saw his friend's toy car. He wanted it so badly but he remembered that he had no money.","He showed them to his mom and she said that they were very good. But when John went to school, he put the buttons in his pocket and forgot all about them. After school, John was walking home when he saw his friend's toy car. He wanted it so badly but he remembered that he had no money.",,
test-00109-procedural-error,Nora placed a shoe near the tree. That shoe remained behind the tree. Nobody had moved it. A little bird sang nearby.,behind,Nora placed a shoe near the tree. That shoe remained in the tree. Nobody had moved it. A little bird sang nearby.,Nora placed a shoe near the tree. That shoe remained in the tree. Nobody had moved it. A little bird sang nearby.,,
test-corpus-183-error,"It fit perfectly and made her knee feel better. Lily smiled and hugged her mommy back. They went had and inside some warm milk and cookies. From that day on, Lily was more careful when she ran and played.",had and inside,"It fit perfectly and made her knee feel better. Lily smiled and hugged her mommy back. They went inside and had some warm milk and cookies. From that day on, Lily was more careful when she ran and played.","It fit perfectly and made her knee feel better. Lily smiled and hugged her mommy back. They went inside and had some warm milk and cookies. From that day on, Lily was more careful when she ran and played.",,
test-00027-procedural-clean,"After lunch, Leo filled a box to the top. At that moment, the box seemed full. There was no room for anything else. It was a quiet day.",full,"After lunch, Leo filled a box to the top. At that moment, the box seemed boring. There was no room for anything else. It was a quiet day.","After lunch, Leo filled a box to the top. At that moment, the box seemed to be. There was no room for anything else. It was a quiet day.",,
test-00033-procedural-error,"One day, Zoe sat by a warm fire. At that moment, Zoe seemed cold. The fire gave off plenty of heat. A little bird sang nearby.",cold,"One day, Zoe sat by a warm fire. At that moment, Zoe seemed very happy. The fire gave off plenty of heat. A little bird sang nearby.","One day, Zoe sat by a warm fire. At that moment, Zoe seemed very happy. The fire gave off plenty of heat. A little bird sang nearby.",,
test-corpus-424-error,"From that day on, Hatty and Ducky became best friends. They wore their hay hats and played together on the farm every day. All animals other the loved their friendly and fun hats too. And they all lived happily ever after.",animals other the,"From that day on, Hatty and Ducky became best friends. They wore their hay hats and played together on the farm every day. All the other animals loved their friendly and fun hats too. And they all lived happily ever after.","From that day on, Hatty and Ducky became best friends. They wore their hay hats and played together on the farm every day. All the other animals loved their friendly and fun hats too. And they all lived happily ever after.",,
test-corpus-374-clean,"When they finished, Kiki thanked him and ran back to her mom. Kiki learned that it's sometimes okay to ask for help--even if it can feel a bit stupid at first.",to,"When they finished, Kiki thanked him and ran back outside to her mom. Kiki learned that it's sometimes okay to ask for help--even if it can feel a bit stupid at first.","When they finished, Kiki thanked him and ran back outside to her mom. Kiki learned that it's sometimes okay to ask for help--even if it can feel a bit stupid at first.",,
test-corpus-226-clean,It belonged to a little boy named Jack. He loved the fat car. He liked to take it for rides around the block. He used to roll down the windows and laugh.,car,It belonged to a little boy named Jack. He loved the fat block. He liked to take it for rides around the block. He used to roll down the windows and laugh.,It belonged to a little boy named Jack. He loved the fat block. He liked to take it for rides around the block. He used to roll down the windows and laugh.,,
test-corpus-929-clean,"""But don't worry, it will be back soon. I'm here to watch over you.""
Lucy felt much better after the owl had spoken to her. She knew the sun would be back soon and that she had a friend to watch over her. The sun reappeared and Lucy waved goodbye to the owl as she continued to explore the park.",soon and,"""But don't worry, it will be back soon. I'm here to watch over you.""
Lucy felt much better after the owl had spoken to her. She knew the sun would be back soon, and that she had a friend to watch over her. The sun reappeared and Lucy waved goodbye to the owl as she continued to explore the park.","""But don't worry, it will be back soon. I'm here to watch over you.""
Lucy felt much better after the owl had spoken to her. She knew the sun would be back soon, and that she had a friend to watch over her. The sun reappeared and Lucy waved goodbye to the owl as she continued to explore the park.",,
test-corpus-660-error,He had done a great job. The garden was beautiful and clean. Mom said she was proud him of and gave him a hug. John felt so happy.,him of,He had done a great job. The garden was beautiful and clean. Mom said she was proud of him and gave him a hug. John felt so happy.,He had done a great job. The garden was beautiful and clean. Mom said she was proud of him and gave him a hug. John felt so happy.,,
test-00213-procedural-error,"One day, Lily filled a box to the top. At that moment, the box seemed empty. There was no room for anything else.",empty,"One day, Lily filled a box to the top. At that moment, the box seemed to reverse. There was no room for anything else.","One day, Lily filled a box to the top. At that moment, the box seemed to reverse. There was no room for anything else.",,
test-00114-procedural-error,"Lily chose the white box. Later, Lily carried the green box. Its color had not changed. A little bird sang nearby.",green,"Lily chose the white box. Later, Lily carried the white box. Its color had not changed. A little bird sang nearby.","Lily chose the white box. Later, Lily carried the white box. Its color had not changed. A little bird sang nearby.",,
test-corpus-27-clean,"Lily was so happy that her daddy never gave up. They went back inside and had hot cocoa. Lily hugged her daddy and said, ""Thank you for being so persistent, daddy.""",said,"Lily was so happy that her daddy never gave up. They went back inside and had hot cocoa. Lily hugged her daddy and said,, ""Thank you for being so persistent, daddy.""","Lily was so happy that her daddy never gave up. They went back inside and had hot cocoa. Lily hugged her daddy and said,, ""Thank you for being so persistent, daddy.""",,
test-corpus-449-error,They walked along the beach and watched the waves roll in. Jimmy was so happy to fish the watch swim and the crabs scuttle around. He could hardly contain his excitement. Jimmy and his family had a wonderful time exploring the ocean.,fish the watch,They walked along the beach and watched the waves roll in. Jimmy was so happy to be able to swim and the crabs scuttle around. He could hardly contain his excitement. Jimmy and his family had a wonderful time exploring the ocean.,They walked along the beach and watched the waves roll in. Jimmy was so happy to be able to swim and the crabs scuttle around. He could hardly contain his excitement. Jimmy and his family had a wonderful time exploring the ocean.,,
test-00201-procedural-clean,"After lunch, Lucy got caught in the rain. At that moment, Lucy seemed wet. Water dripped from the coat. It was early in the morning.",wet,"After lunch, Lucy got caught in the rain. At that moment, Lucy seemed very happy. Water dripped from the coat. It was early in the morning.","After lunch, Lucy got caught in the rain. At that moment, Lucy seemed very happy. Water dripped from the coat. It was early in the morning.",,
test-corpus-572-error,"He would go over back and over again, always finding something new to take home. He eventually made so many trips to the serious place that all his special things filled up his room. The end.",over back,"He would go outside and over again, always finding something new to take home. He eventually made so many trips to the serious place that all his special things filled up his room. The end.","He would go outside and over again, always finding something new to take home. He eventually made so many trips to the serious place that all his special things filled up his room. The end.",,
test-corpus-427-error,"She started to cry. Suddenly, a compassionate and kind boy saw her. He asked her why she was so upset. The girl told him about her lost knife.",compassionate and kind,"She started to cry. Suddenly, a big and big boy saw her. He asked her why she was so upset. The girl told him about her lost knife.","She started to cry. Suddenly, a kind old boy saw her. He asked her why she was so upset. The girl told him about her lost knife.",,
test-00076-procedural-clean,Two children went out together. They found a little ball. A little bird sang nearby.,They,Two children went out together. They even found a little ball. A little bird sang nearby.,Two children went out together. They even found a little ball. A little bird sang nearby.,,
test-00299-procedural-clean,Finn found an umbrella for a friend. A little bird sang nearby.,an,Finn found a pretty umbrella for a friend. A little bird sang nearby.,Finn found a pretty umbrella for a friend. A little bird sang nearby.,,
test-00090-procedural-error,"The bag was painted red. Later, Tom carried the blue bag. Its color had not changed. A friend was waiting.",blue,"The bag was painted red. Later, Tom carried the big bag. Its color had not changed. A friend was waiting.","The bag was painted red. Later, Tom carried the red bag. Its color had not changed. A friend was waiting.",,
test-00011-procedural-clean,"Last night, Nora walked before going home. The sun was shining.",walked,"Last night, Nora knew before going home. The sun was shining.","Last night, Nora knew before going home. The sun was shining.",,
test-00061-procedural-error,Tom placed a toy beside the bed. That toy remained under the bed. Nobody had moved it. It was a quiet day.,under,Tom placed a toy beside the bed. That toy remained there on the bed. Nobody had moved it. It was a quiet day.,Tom placed a toy beside the bed. That toy remained there on the bed. Nobody had moved it. It was a quiet day.,,
test-corpus-202-error,"Once upon a time, there was a boy named Timmy. Timmy loved to imagine things. One day, he imagined he was a brave knight with a colorful shield and a sharp spear. Timmy's friend, Lily, to came play with him.",to came,"Once upon a time, there was a boy named Timmy. Timmy loved to imagine things. One day, he imagined he was a brave knight with a colorful shield and a sharp spear. Timmy's friend, Lily, came to play with him.","Once upon a time, there was a boy named Timmy. Timmy loved to imagine things. One day, he imagined he was a brave knight with a colorful shield and a sharp spear. Timmy's friend, Lily, came to play with him.",,
test-corpus-362-error,I can show you all sorts of fun things.” Bob was really excited and said yes! He followed the mouse and they began to play. Bob and the mouse had so much fun in the dark together. Through the the night they laughed and played together until it was time to go home.,the the,I can show you all sorts of fun things.” Bob was really excited and said yes! He followed the mouse and they began to play. Bob and the mouse had so much fun in the dark together. Through of the night they laughed and played together until it was time to go home.,I can show you all sorts of fun things.” Bob was really excited and said yes! He followed the mouse and they began to play. Bob and the mouse had so much fun in the dark together. Through each night they laughed and played together until it was time to go home.,,
test-corpus-308-error,"She loved it so much and even took it to bed with her every night. From then on, she was never sad when she saw kids playing with rocks on her walks down the street. She knew that she had her very own fake rock to to keep her company.",to to,"She loved it so much and even took it to bed with her every night. From then on, she was never sad when she saw kids playing with rocks on her walks down the street. She knew that she had her very own fake rock to keep her company.","She loved it so much and even took it to bed with her every night. From then on, she was never sad when she saw kids playing with rocks on her walks down the street. She knew that she had her very own fake rock to keep her company.",,
test-00174-procedural-clean,"Max chose the blue coat. Later, Max carried the blue coat. Its color had not changed. It was early in the morning.",blue,"Max chose the blue coat. Later, Max carried the blue coat coat. Its color had not changed. It was early in the morning.","Max chose the blue coat. Later, Max carried the blue coat coat. Its color had not changed. It was early in the morning.",,
test-corpus-596-error,"Once upon a time, there was a little dog named Spot. Spot liked to play and run all day. One day, Spot saw a big ball in the the yard. He wanted to play with it, but he knew it was not his ball.",the the,"Once upon a time, there was a little dog named Spot. Spot liked to play and run all day. One day, Spot saw a big ball in the yard. He wanted to play with it, but he knew it was not his ball.","Once upon a time, there was a little dog named Spot. Spot liked to play and run all day. One day, Spot saw a big ball in the yard. He wanted to play with it, but he knew it was not his ball.",,
test-corpus-667-error,"When she was done, the girl felt clean and ready to go outside. She danced danced around, feeling so happy and light! The world felt so magical, and she smiled at all the sunshine. The little girl could not believe how clean a bath had made her feel.",danced danced,"When she was done, the girl felt clean and ready to go outside. She started to jump around, feeling so happy and light! The world felt so magical, and she smiled at all the sunshine. The little girl could not believe how clean a bath had made her feel.","When she was done, the girl felt clean and ready to go outside. She started to jump around, feeling so happy and light! The world felt so magical, and she smiled at all the sunshine. The little girl could not believe how clean a bath had made her feel.",,
test-00062-procedural-error,"One day, Finn had not eaten all day. At that moment, Finn seemed full. The empty stomach growled. It was a quiet day.",full,"One day, Finn had not eaten all day. At that moment, Finn seemed scared. The empty stomach growled. It was a quiet day.","One day, Finn had not eaten all day. At that moment, Finn seemed lonely. The empty stomach growled. It was a quiet day.",,
test-00032-procedural-error,"One day, Rose won a fun game. At that moment, Rose seemed sad. There was a big smile. The sun was shining.",sad,"One day, Rose won a fun game. At that moment, Rose seemed very happy. There was a big smile. The sun was shining.","One day, Rose won a fun game. At that moment, Rose seemed very happy. There was a big smile. The sun was shining.",,
test-corpus-824-clean,"Sam felt a strange feeling in his chest. He felt curious and calm. He reached out his hand to touch Ella. ""Hello, Ella.",hand,"Sam felt a strange feeling in his chest. He felt curious and calm. He reached out his hand and to touch Ella. ""Hello, Ella.","Sam felt a strange feeling in his chest. He felt curious and calm. He reached out his hand and to touch Ella. ""Hello, Ella.",,
test-corpus-292-clean,"He fed her until she was full and gave her a hug. Then he said,""Come on Lucy, let's go home.""
And so Lucy and her owner went home, safe and sound. Lucy the brave cat knew that if she was ever in danger, her owner would always be there to protect her. The end.",home,"He fed her until she was full and gave her a hug. Then he said,""Come on Lucy, let's go home soon.""
And so Lucy and her owner went home, safe and sound. Lucy the brave cat knew that if she was ever in danger, her owner would always be there to protect her. The end.","He fed her until she was full and gave her a hug. Then he said,""Come on Lucy, let's go home soon.""
And so Lucy and her owner went home, safe and sound. Lucy the brave cat knew that if she was ever in danger, her owner would always be there to protect her. The end.",,
test-00093-procedural-clean,"One day, Mia sat by a warm fire. At that moment, Mia seemed warm. The fire gave off plenty of heat. A friend was waiting.",warm,"One day, Mia sat by a warm fire. At that moment, Mia seemed very happy. The fire gave off plenty of heat. A friend was waiting.","One day, Mia sat by a warm fire. At that moment, Mia seemed very happy. The fire gave off plenty of heat. A friend was waiting.",,
test-00064-procedural-clean,"Max, a boy, went out. He found a little ball. It was a quiet day.",He,"Max, a boy, went out. He had found a little ball. It was a quiet day.","Max, a boy, went out. He had found a little ball. It was a quiet day.",,
test-corpus-663-clean,"They were so happy and shouted out loud, ""Yay!"" Sarah and Jake smiled and hugged each other. They knew they had made the perfect triangle!",smiled and hugged,"They were so happy and shouted out loud, ""Yay!"" Sarah and Jake laughed and hugged each other. They knew they had made the perfect triangle!","They were so happy and shouted out loud, ""Yay!"" Sarah and Jake laughed and hugged each other. They knew they had made the perfect triangle!",,
test-00217-procedural-error,Ella placed a toy near the bench. That toy remained under the bench. Nobody had moved it. A little bird sang nearby.,under,Ella placed a toy near the bench. That toy remained near the bench. Nobody had moved it. A little bird sang nearby.,Ella placed a toy near the bench. That toy remained in the bench. Nobody had moved it. A little bird sang nearby.,,
test-00102-procedural-error,"The cup was painted red. Later, Ella carried the green cup. Its color had not changed. It was a quiet day.",green,"The cup was painted red. Later, Ella carried the red cup. Its color had not changed. It was a quiet day.","The cup was painted red. Later, Ella carried the blue cup. Its color had not changed. It was a quiet day.",,
test-00285-procedural-clean,"After lunch, Rose emptied a box completely. At that moment, the box seemed empty. There was nothing left inside.",empty,"After lunch, Rose emptied a box completely. At that moment, the box seemed to open. There was nothing left inside.","After lunch, Rose emptied a box completely. At that moment, the box seemed to open. There was nothing left inside.",,
test-corpus-651-clean,"He felt so sad and didn't know how to fix it. Suddenly, he heard a noise that made him jump. It was a friendly fairy who had come to help the bunny. The fairy asked him what was wrong and the bunny told her about his broken crystal.",told,"He felt so sad and didn't know how to fix it. Suddenly, he heard a noise that made him jump. It was a friendly fairy who had come to help the bunny. The fairy asked him what was wrong and the bunny just told her about his broken crystal.","He felt so sad and didn't know how to fix it. Suddenly, he heard a noise that made him jump. It was a friendly fairy who had come to help the bunny. The fairy asked him what was wrong and the bunny just told her about his broken crystal.",,
test-corpus-280-error,"One day, Lucy and her mom went to the beach. At the beach, they a saw big boat. Lucy wanted to go on the boat, but her mom said no. Lucy began to cry out of frustration.",a saw,"One day, Lucy and her mom went to the beach. At the beach, they saw a big boat. Lucy wanted to go on the boat, but her mom said no. Lucy began to cry out of frustration.","One day, Lucy and her mom went to the beach. At the beach, they saw a big boat. Lucy wanted to go on the boat, but her mom said no. Lucy began to cry out of frustration.",,
test-corpus-671-error,"The animals were very happy and gave Jack a big hug. They thanked him for saving them from big the threat. Jack smiled, happy that he could help his new friends in the forest.",big the,"The animals were very happy and gave Jack a big hug. They thanked him for saving them from the threat. Jack smiled, happy that he could help his new friends in the forest.","The animals were very happy and gave Jack a big hug. They thanked him for saving them from the bad threat. Jack smiled, happy that he could help his new friends in the forest.",,
test-00204-procedural-clean,"Ella chose the red kite. Later, Ella carried the red kite. Its color had not changed.",red,"Ella chose the red kite. Later, Ella carried the red red kite. Its color had not changed.","Ella chose the red kite. Later, Ella carried the red red kite. Its color had not changed.",,
test-00282-procedural-clean,"The hat was painted black. Later, Tom carried the black hat. Its color had not changed. It was early in the morning.",black,"The hat was painted black. Later, Tom carried the red hat. Its color had not changed. It was early in the morning.","The hat was painted black. Later, Tom carried the red hat. Its color had not changed. It was early in the morning.",,
test-corpus-881-clean,She kept trying one more time and finally the tower stayed up! She had accomplished her goal. She had performed and she was so proud!,stayed,She kept trying one more time and finally the tower was up! She had accomplished her goal. She had performed and she was so proud!,She kept trying one more time and finally the tower was up! She had accomplished her goal. She had performed and she was so proud!,,
test-00218-procedural-clean,"One day, Ana won a fun game. At that moment, Ana seemed happy. There was a big smile. It was early in the morning.",happy,"One day, Ana won a fun game. At that moment, Ana seemed very happy. There was a big smile. It was early in the morning.","One day, Ana won a fun game. At that moment, Ana seemed very happy. There was a big smile. It was early in the morning.",,
test-00224-procedural-clean,"One day, Lucy played all day without resting. At that moment, Lucy seemed tired. It was time to rest. A little bird sang nearby.",tired,"One day, Lucy played all day without resting. At that moment, Lucy seemed very sad. It was time to rest. A little bird sang nearby.","One day, Lucy played all day without resting. At that moment, Lucy seemed very sad. It was time to rest. A little bird sang nearby.",,
test-corpus-386-clean,"While they were eating, a sneaky thief came in and stole Lily's mom's purse. Lily was scared and sad. She didn't understand why someone would steal from her family. But then, her dad hugged her and told her everything would be okay.",told,"While they were eating, a sneaky thief came in and stole Lily's mom's purse. Lily was scared and sad. She didn't understand why someone would steal from her family. But then, her dad hugged her and said her everything would be okay.","While they were eating, a sneaky thief came in and stole Lily's mom's purse. Lily was scared and sad. She didn't understand why someone would steal from her family. But then, her dad hugged her and said her everything would be okay.",,
test-corpus-442-error,"He decided to take another nap, but this time sure made he to lock up the corn nice and tight. He lay down under the big oak tree and before he knew it, he was fast asleep. After a long nap, Farmer Tucker felt refreshed and ready to go back to work. He was surprised to find that the family of raccoons hadn't done too much damage after all.",sure made he,"He decided to take another nap, but this time he had to lock up the corn nice and tight. He lay down under the big oak tree and before he knew it, he was fast asleep. After a long nap, Farmer Tucker felt refreshed and ready to go back to work. He was surprised to find that the family of raccoons hadn't done too much damage after all.","He decided to take another nap, but this time he was able to lock up the corn nice and tight. He lay down under the big oak tree and before he knew it, he was fast asleep. After a long nap, Farmer Tucker felt refreshed and ready to go back to work. He was surprised to find that the family of raccoons hadn't done too much damage after all.",,
test-00087-procedural-error,"After lunch, Ben emptied a box completely. At that moment, the box seemed full. There was nothing left inside. A friend was waiting.",full,"After lunch, Ben emptied a box completely. At that moment, the box seemed very empty. There was nothing left inside. A friend was waiting.","After lunch, Ben emptied a box completely. At that moment, the box seemed very empty. There was nothing left inside. A friend was waiting.",,
test-corpus-391-clean,"She had paid for the oyster, but she didn't get to eat it. Lily looked up at the sky and saw a distant cloud. She wished she could go there and forget about her broken oyster. Suddenly, she felt better.",forget,"She had paid for the oyster, but she didn't get to eat it. Lily looked up at the sky and saw a distant cloud. She wished she could go there and look about her broken oyster. Suddenly, she felt better.","She had paid for the oyster, but she didn't get to eat it. Lily looked up at the sky and saw a distant cloud. She wished she could go there and look about her broken oyster. Suddenly, she felt better.",,
test-corpus-170-clean,"While the cake was baking, she took the pebble out of her pocket and looked at it. It was a pretty pebble. When the cake was done, the old lady took it out of the oven. It smelled so good!",took it,"While the cake was baking, she took the pebble out of her pocket and looked at it. It was a pretty pebble. When the cake was done, the old lady put it out of the oven. It smelled so good!","While the cake was baking, she took the pebble out of her pocket and looked at it. It was a pretty pebble. When the cake was done, the old lady put it out of the oven. It smelled so good!",,
test-00118-procedural-clean,A girl named Mia came by. She found a little ball. It was a quiet day.,She,A girl named Mia came by. They had found a little ball. It was a quiet day.,A girl named Mia came by. They had found a little ball. It was a quiet day.,,
test-00081-procedural-clean,"One day, Lily emptied a box completely. At that moment, the box seemed empty. There was nothing left inside. A friend was waiting.",empty,"One day, Lily emptied a box completely. At that moment, the box seemed like empty. There was nothing left inside. A friend was waiting.","One day, Lily emptied a box completely. At that moment, the box seemed like empty. There was nothing left inside. A friend was waiting.",,
test-00176-procedural-error,"After lunch, Rose lost a favorite toy. At that moment, Rose seemed happy. Tears ran down the little face. A little bird sang nearby.",happy,"After lunch, Rose lost a favorite toy. At that moment, Rose seemed very sad. Tears ran down the little face. A little bird sang nearby.","After lunch, Rose lost a favorite toy. At that moment, Rose seemed very sad. Tears ran down the little face. A little bird sang nearby.",,
test-00269-procedural-error,"Last week, Leo run before going home. A little bird sang nearby.",run,"Last week, Leo said goodbye before going home. A little bird sang nearby.","Last week, Leo said goodbye before going home. A little bird sang nearby.",,
